{"initial_reset_timestamp": 1545001219.8372297, "timestamps": [1545001221.540292, 1545001222.8993971, 1545001222.9438927, 1545001222.9521766, 1545001222.9604602, 1545001222.9686797, 1545001222.976927, 1545001222.9850886, 1545001224.3111684, 1545001224.3527727, 1545001224.3622038, 1545001224.370786, 1545001224.379635, 1545001224.3888435, 1545001224.398081, 1545001224.4065225, 1545001224.4156933, 1545001224.4244587, 1545001224.4338841, 1545001224.4428754, 1545001224.4517267, 1545001224.4616845, 1545001224.469846, 1545001224.478481, 1545001224.4868884, 1545001224.495231, 1545001224.503671, 1545001225.8781986, 1545001225.927023, 1545001225.9390748, 1545001225.94969, 1545001225.9586005, 1545001225.9671867, 1545001225.9760165, 1545001225.9847147, 1545001225.9934237, 1545001226.0022614, 1545001226.0110106, 1545001226.0197005, 1545001226.0283325, 1545001226.0374775, 1545001226.0476034, 1545001226.05669, 1545001226.0661566, 1545001226.0752814, 1545001226.0845742, 1545001226.093425, 1545001226.1022892, 1545001226.1110928, 1545001226.119672, 1545001226.1287975, 1545001226.1373239, 1545001226.1462238, 1545001226.155192, 1545001226.163602, 1545001226.1716878, 1545001226.1793568, 1545001226.1869571, 1545001226.1944366, 1545001226.2018526, 1545001226.2093558, 1545001226.216781, 1545001226.224247, 1545001226.231652, 1545001227.6392214, 1545001227.6807795, 1545001227.6889603, 1545001227.6980293, 1545001227.7060957, 1545001227.7148423, 1545001227.722856, 1545001227.731386, 1545001227.7393236, 1545001227.748103, 1545001227.7564492, 1545001227.7653103, 1545001227.7739222, 1545001227.7820437, 1545001227.7900329, 1545001227.797552, 1545001227.8050826, 1545001227.8126178, 1545001227.8202, 1545001227.8277411, 1545001227.8354657, 1545001227.843453, 1545001227.8507943, 1545001227.8597753, 1545001227.8678415, 1545001227.8761053, 1545001227.8843038, 1545001227.8925543, 1545001227.9008768, 1545001227.9089952, 1545001227.9171886, 1545001227.9252927, 1545001227.9333925, 1545001227.9415693, 1545001227.950055, 1545001227.960231], "episode_lengths": [200, 200, 200, 200, 200, 200, 200, 200, 200, 200, 200, 200, 200, 200, 200, 200, 200, 200, 200, 200, 200, 200, 200, 200, 200, 200, 200, 200, 200, 200, 200, 200, 200, 200, 200, 200, 200, 200, 200, 200, 200, 200, 200, 200, 200, 200, 200, 200, 200, 200, 200, 200, 200, 200, 200, 200, 200, 200, 200, 200, 200, 200, 200, 200, 200, 200, 200, 200, 200, 200, 200, 200, 200, 200, 200, 200, 200, 200, 200, 200, 200, 200, 200, 200, 200, 200, 200, 200, 200, 200, 200, 200, 200, 200, 200, 200, 200, 200, 200, 200], "episode_rewards": [-428.5402908443687, -123.90551878589957, -6.725010101848025, -248.39512425168502, -553.9633530960193, -249.3736979151208, -224.8643648147166, -7.513200600530981, -240.23249217900164, -247.05025529715462, -487.1346145272527, -246.07435391369293, -124.81178966566698, -338.39608615541215, -443.0230477638938, -126.52029233733593, -130.49169826403877, -461.6748462084521, -126.8906936120584, -229.36065350569922, -130.9508728775717, -130.30873911090316, -7.447596436146504, -611.9830762604082, -123.04917365097612, -239.68126909332452, -534.6969160870605, -127.1275643024271, -240.21548566150818, -129.93068418343668, -130.47303047531935, -548.065727093838, -7.001530869710518, -227.33139918782402, -121.58290931746414, -237.8984228815948, -346.1167174245801, -534.5463156519386, -126.90644652848184, -7.064023820891035, -246.32110130675736, -334.81114385226743, -538.0787803289865, -558.0847210792651, -236.10888872399332, -131.7275843327047, -122.14034051312343, -131.29179241660864, -6.694208158500618, -488.786485475426, -6.909632152327689, -346.66696164060266, -325.92657201027305, -342.9374507826425, -8.57538855248135, -122.25528439547493, -554.8197566921325, -129.8825504355937, -460.29142865212276, -128.50145381199644, -123.86161574355783, -130.04521577853427, -127.7509676186433, -125.827406783385, -124.45470204879466, -129.046027387992, -452.94432888062727, -479.0105858360182, -545.412534264139, -248.10008418079477, -343.6630501585143, -123.89878055800263, -454.48506758492954, -450.2199796793616, -243.08967702851848, -125.97145737418147, -126.80600863545534, -129.0379518329283, -227.02512702091477, -239.49729688055984, -247.34564771569038, -6.547443492849601, -128.4989015371232, -128.70081378414287, -6.895782645585998, -127.85484048022649, -235.79705452539605, -454.58786101593455, -6.78781083377899, -246.90093025364035, -7.382714968737599, -127.19568362234288, -342.75377152197046, -238.7080460895567, -334.1689616496299, -433.6167289539578, -128.05069599682227, -247.09075945922868, -248.3530651665092, -564.0214776198713], "episode_types": ["t", "t", "t", "t", "t", "t", "t", "t", "t", "t", "t", "t", "t", "t", "t", "t", "t", "t", "t", "t", "t", "t", "t", "t", "t", "t", "t", "t", "t", "t", "t", "t", "t", "t", "t", "t", "t", "t", "t", "t", "t", "t", "t", "t", "t", "t", "t", "t", "t", "t", "t", "t", "t", "t", "t", "t", "t", "t", "t", "t", "t", "t", "t", "t", "t", "t", "t", "t", "t", "t", "t", "t", "t", "t", "t", "t", "t", "t", "t", "t", "t", "t", "t", "t", "t", "t", "t", "t", "t", "t", "t", "t", "t", "t", "t", "t", "t", "t", "t", "t"]}